;feature;shap_value
860;TP53;0.09874880168008174
269;KMT2D;0.07020138394319411
314;KRAS;0.06616076599193853
1338;PIK3CA;0.044423482621197205
903;TERT;0.04088370788783003
1238;BAP1;0.037864351269061465
1036;NF1;0.03296445691292821
287;SETD2;0.025428729091756738
136;ROS1;0.016020849883786104
1464;TSC2;0.015815231399982102
1378;ARID1B;0.015394102563146501
1080;FAT1;0.014246553911231703
1282;KEAP1;0.013638783273540369
255;MGA;0.013142661928342462
752;SMARCB1;0.012899808793638624
851;ATM;0.011017577855864116
1028;SMARCA4;0.010777656860731519
36;MSH2;0.009734935707164629
556;DOCK8;0.008434832789666953
1125;FGFR4;0.00779497305868571
439;BCORL1;0.007529021006677029
1466;NOTCH2;0.007317070512816906
233;POLE;0.007123532264095997
916;RECQL4;0.0068395249695539775
1231;BRCA2;0.006699744894582015
1307;NRG1;0.006692241121293271
678;AXL;0.006568306217838385
979;ZFHX3;0.00606655509533036
181;RB1;0.005703115090055712
148;SUFU;0.005367723999075948
172;ERBB4;0.005225678874050983
883;MTOR;0.0051639733139386525
620;MAP3K1;0.005072158143980303
55;SPTA1;0.004991816401916186
553;PIK3C2B;0.00493691097208704
426;DOT1L;0.004897202208573959
25;PRKDC;0.004875131012105955
123;EIF1AX;0.004844205156573141
1156;LATS2;0.004645900888948694
865;PBRM1;0.004519516156164978
660;SPEN;0.004506281011021095
333;RPTOR;0.00442110559730623
609;ARAF;0.004348485521868065
642;RUNX1;0.00425632119608859
896;PTEN;0.0040111611526283675
368;IRS2;0.003989653764198546
475;PMS1;0.003894928512021793
1259;KMT2A;0.003592761440442284
1463;ATR;0.0035901927266130083
774;BRAF;0.003570164657689607
611;EP300;0.003431908211705461
1604;ERCC5;0.0032259223459756197
295;ERCC2;0.0031863328298811495
820;EPHA3;0.0031117434591900477
763;ARID2;0.0029803373863128728
748;GATA3;0.0028968198067808584
602;DNMT3A;0.002768160653458529
1543;GNAS-AS1;0.0027316034682429713
210;PTPRD;0.002667289060199675
1276;BCL6;0.0026206200338132805
1373;FANCE;0.0025911743640094193
1523;FUS;0.0025878375827848936
286;SETBP1;0.002496490075908544
1194;CDKN1A;0.0024299804311303267
360;TP53BP1;0.002392050309217121
1081;CDK12;0.0023637230883382272
79;XPC;0.0023528314145537022
629;SPRED1;0.002335834899651291
959;SLX4;0.0023265943515783376
968;CDKN2A;0.002317782271547804
1580;SMARCA2;0.0023059219769129614
1178;U2AF1;0.002304618580129198
885;POLQ;0.002238184393179113
249;ZNF217;0.002226762649212003
122;FANCC;0.0022100598757573303
856;CDK6;0.0021795278635933163
1509;APC;0.0021419803328495608
1513;DEPDC5;0.0021388517957983506
1124;RHPN2;0.0020553691889401864
560;MT-ND5;0.002007977260597831
256;NOTCH1;0.0019590748124984716
509;INPP4B;0.0019487887618179155
840;TET2;0.0019379105845805532
1352;HGF;0.0019155761419803938
436;ZFHX4;0.0018754353089135516
1193;NCOR1;0.0018560563916733993
670;ERCC3;0.0018523807272539012
1405;GPS2;0.0018095170045730512
781;PRKCI;0.0017880003665775804
93;NOTCH3;0.0017700256396805103
194;CBL;0.0017623979823082568
661;RAD51C;0.0017269826536948942
446;PTCH1;0.001697703432415888
801;PDGFRB;0.0016807624123797954
958;FBXW7;0.0016723543200025492
1285;IGF1R;0.0016669795984944702
1093;NBN;0.0016407206653500231
925;EZH2;0.0016401183803784842
1454;SOS1;0.0016345918051452377
7;IGF2R;0.0015554313433882745
671;CTNNA1;0.001514563364160895
188;NUP93;0.0015094492212605678
766;MAFB;0.0014912091876049436
523;FOXA1;0.0014904642054060012
988;PDCD1;0.001454073271713307
1627;KDR;0.001442898086620057
1332;PALB2;0.0014406238080637496
1000;MPL;0.0014350514091343847
77;CDKN2C;0.001402759431554373
663;SDHB;0.0013999099214871487
511;AURKB;0.001355869046609671
649;EGFR;0.0013554969465681729
1136;RHBDF2;0.0013514909698386435
5;NCOA3;0.0013073565954897306
942;ARID1A;0.001286868250107299
1429;JAK2;0.0012800872540960234
924;PTPN11;0.0012694596225029124
1544;MSH6;0.001246852790173048
1273;MAX;0.0012377922976258653
1404;NSD1;0.0012126838183342229
274;MET;0.0011807712775061773
962;PAK1;0.001168544460795739
939;RANBP2;0.0011400256934541383
100;ZFPM1;0.0011310060598099512
471;KMT2B;0.001129932926074175
590;TFEB;0.0011001326535188716
1154;RHOT1;0.0010856751935750786
1396;FLT3;0.0010696061118363035
47;AXIN1;0.0010455378701356534
124;SLIT2;0.0010274127959144224
1612;JAK1;0.0010226056083048791
1132;MLH3;0.001012275512578942
241;MYCN;0.0010023081668710132
1248;CNOT3;0.0009415040466117847
1427;RHEB;0.0009297177955034971
1574;MAP2K1;0.0009092059566135816
9;ATP8B1;0.0009078862196582107
570;PRSS1;0.0009004040191839696
1506;LAMP1;0.0008971655344400424
240;REL;0.000884253082432147
1213;WRN;0.0008797080883876772
1116;BRIP1;0.0008728003752570147
332;BCL2L12;0.0008688399902642539
499;PAX7;0.0008633288897636289
1445;PPP4R2;0.0008620043024036171
613;NEIL2;0.0008474828791430279
67;RNF8;0.0008421515257873142
630;GNA14;0.000834603613113704
1313;MSH3;0.0008331120204478553
18;RAD21;0.0008297807373900397
1215;NRAS;0.0008230791996382015
1621;ARID5B;0.0008146554921871841
1217;KIF1B;0.0008043413770279617
1577;EPHA7;0.0008020145812362314
935;PTPRK;0.0007972992145360883
95;PVRL4;0.0007935101896119883
119;GSK3B;0.0007821092496174618
1068;PLK2;0.0007802498132670622
489;DNAJB1;0.0007740358006883055
184;JAK3;0.0007695315429848774
62;INPP4A;0.0007685847536145477
1155;RAC1;0.0007655854699763974
636;TRBC2;0.0007620814827097173
1280;QKI;0.0007616772314295905
872;SMARCAL1;0.0007530516900189566
1563;CIITA;0.0007444041006554622
242;TSHZ3;0.0007426980823203348
1014;CCND1;0.000742300358006656
951;AMER1;0.0007409305325932782
250;TOP2A;0.0007287562937844418
945;BCL2L1;0.0007098232816815043
1620;MDM4;0.0007073757586188762
405;EPAS1;0.0007071033706406508
1088;MAP3K9;0.0006978759949966851
520;SF1;0.000687476406304973
750;FLT4;0.0006756976665832445
938;PIK3CD;0.0006697636774690008
1221;SF3B1;0.0006684828567490988
87;GBA;0.0006633706234733432
846;ETV5;0.0006605663383476293
1324;MLH1;0.000653152134514072
44;RAD50;0.0006490076608304446
252;GALNT12;0.0006436565753645703
84;CIC;0.0006320230583374795
1283;KAT6B;0.0006039025173764378
1511;CREBBP;0.0006034293352709775
1268;EML4;0.0005999093894397901
58;MT-ND6;0.0005927991357100255
1137;SMC1A;0.000587105940472579
907;CHEK1;0.0005784777935104302
1249;BCOR;0.0005757651460680773
389;PRAME;0.000570571575482631
1082;HLA-C;0.0005694148933934527
917;RICTOR;0.0005685217924801741
1375;CHD2;0.0005640441295609683
468;FAM46C;0.0005599321066757215
1245;MITF;0.0005445088012385205
932;FH;0.0005441975371093199
1220;SERPINA1;0.0005300770085286487
777;PIK3C2G;0.0005250497462631786
402;XPO1;0.0005152034846088102
946;TTYH1;0.0005131718432162352
381;GEN1;0.0005026008741897526
467;SYK;0.0005008490694433773
166;SH2B3;0.0004990118196895836
337;VTCN1;0.0004966432125000753
975;GNB2L1;0.0004956762553430143
624;RNF43;0.0004940919850914617
108;PTPRS;0.0004924267049334067
881;PRKD1;0.0004897680116714989
1011;HERC2;0.0004890481888153703
1561;CARD11;0.00048493107087216027
782;NEGR1;0.0004829310107291538
1247;PNRC1;0.0004719409692879408
842;MAP3K5;0.00046895264298277436
745;RIF1;0.0004686654165706338
1374;PARP1;0.00046369496650520905
445;GATA4;0.00045828914189479785
576;NTRK2;0.00045745973025753035
915;HIST1H3E;0.0004573959343282312
989;PTK2;0.00045688767952790747
1076;STAT4;0.0004521248691741989
936;OR5L1;0.00045008427527454964
344;SOX2;0.00044841417524563474
498;BBC3;0.00044786138956724015
627;CCND2;0.0004452714223620894
1478;SLC34A2;0.0004430403725864275
849;DICER1;0.0004402555620748036
931;GNA11;0.00043729921254686855
911;BCL10;0.00043631646792291836
1023;MAPK1;0.00043495357099781497
116;CTCF;0.0004310722631894071
224;PREX2;0.0004289446417277706
1449;GLI1;0.00042738170976840286
923;SRC;0.0004247515870267225
1428;MAPKAP1;0.00042332015739669147
1589;KIT;0.0004231700160570912
1401;FGF3;0.00042045209993837694
845;CDKN1B;0.0004198231538094511
1114;PTPRO;0.0004191419167131318
382;RASA1;0.00041549204800652963
226;NUP214;0.0004128010081209115
455;MYH11;0.0004081481444648959
880;BARD1;0.0004064235018525339
1532;XPA;0.0004052641966406234
1392;STK11;0.00040149658660517074
313;MTA1;0.0003995312196699921
349;EPHB4;0.0003984034410111714
1172;PMS2;0.00039763256289503346
1562;RRAS;0.00039739042342065934
882;ASPSCR1;0.00039487241337597234
161;LATS1;0.0003941315550947367
949;KMT2C;0.0003927945379432985
377;TCF7L1;0.0003906864828598083
1376;CDH1;0.00038679838269023035
964;IL7R;0.0003858640113962682
806;CTNNB1;0.0003788529894083026
1587;ZNF521;0.00037617988369640607
735;ESR1;0.00037575810304053836
961;NLRP1;0.0003733252547806071
315;MYB;0.0003692996365443085
338;TRAF7;0.0003649227456770858
622;DDR2;0.00036353137501486194
1609;WNK2;0.0003620854550273634
413;CYSLTR2;0.00035999261061658513
1342;MYD88;0.0003588823945579082
1455;FANCI;0.0003586936844763929
972;RAD51D;0.00035536104650321025
502;KDM6B;0.0003533755750947288
1176;EZH1;0.00035295599002729345
616;PGBD5;0.0003526600701266977
898;NFKBIA;0.0003517582946812496
805;MEN1;0.00034791170832867676
997;SDHD;0.0003473125085743567
738;CDKN2B-AS1;0.0003429304235477879
390;IDH1;0.00034249751668329954
438;KCNIP1;0.00034159830040130564
462;PTPRB;0.00033977219237303776
1;TGFBR2;0.00033473730404695975
388;FAT3;0.00033389921698204444
236;GSTM5;0.0003301420327051321
1223;DDB1;0.0003301186987690478
1165;PRF1;0.00032921078643495874
1451;ERCC4;0.00032648352449556257
308;TOP1;0.00032569869951717473
239;SETDB1;0.0003232449077502527
1244;MIR4457;0.0003209710956387233
457;ERBB2;0.0003184791543670814
506;ID4;0.0003140660030098547
589;CDH4;0.00031356484301681554
1024;BMPR1A;0.0003130910585695517
1013;CD274;0.0003126635184958824
1204;MCM8;0.0003083818816830843
1148;WHSC1;0.0003079124760359969
1272;FGF5;0.000307423579704246
222;FAM58A;0.000307150381895834
1330;RFWD2;0.0003067912187611534
208;FOXP1;0.0003054167051512322
1461;AURKA;0.00030321090599603573
1484;PGR;0.00030068651194075627
1516;NPM1;0.00030016451551344883
375;GATA2;0.0002972795986739156
53;SESN2;0.00029397375079479764
673;EGFL7;0.0002923284727019539
1075;SOX10;0.00028738324639569855
1269;PLCG2;0.0002856342174777574
873;SMAD4;0.0002847643657763038
43;ALOX12B;0.0002845778101739695
391;ZNRF3;0.0002803529617786647
696;PTPRT;0.0002794961477564617
524;TMPRSS2;0.0002745145286680582
1104;ANKRD26;0.00026957367166241536
292;VHL;0.0002687283674849768
920;RELA;0.00026554406485256835
1069;RNF213;0.0002654922143499083
1494;CARM1;0.00026324833942349045
1406;CUX1;0.0002625626142898937
290;C17orf70;0.0002617872477672634
17;ASXL1;0.00026050212284042714
900;PDGFRA;0.000259985429471738
12;AKT2;0.0002591811715922341
1239;ELANE;0.00025888437914788846
1202;H3F3C;0.00025784254779840553
1110;FN1;0.0002563520095354983
61;WWTR1;0.00025611129383534077
1095;NTRK1;0.0002537371428246711
734;CDK9;0.0002533665412410916
1479;FGFR1;0.0002520858482676769
1387;TAP1;0.00025145640637872386
794;EXT2;0.00025037870685287435
151;MAP3K13;0.0002482458942849156
235;NTRK3;0.00024696171614140824
1390;APLNR;0.000246849570389006
330;COL1A1;0.0002448837010235463
284;PRPF8;0.0002442258538318337
1365;CTLA4;0.00024354179525241704
386;ZNF703;0.0002417946957272988
1111;PIK3CG;0.00024102920634750015
1623;U2AF2;0.00023959604529468628
202;PAX5;0.0002390655547760097
838;ESPL1;0.0002382557818266571
404;IRS1;0.00023286540342570345
383;TCF7L2;0.00023274612439988095
1567;PDCD1LG2;0.00023258003795564674
1489;MAP2K4;0.0002317723104721602
669;HDAC9;0.00023164729729282046
826;NUP98;0.0002302437557051545
1314;CUL3;0.0002300844158384068
300;CBLB;0.0002294536184658486
853;WT1;0.00022792281659511312
956;LRP1B;0.00022097955762265524
858;LYN;0.0002202051382352501
1471;NAV3;0.00021947420150079057
421;NT5C2;0.00021798095948353117
1050;BLM;0.000217267576510289
1004;CCNE1;0.00021716577482651134
429;FGF4;0.00021322682659460077
950;KAT6A;0.00021265912117623755
1583;HRAS;0.0002120254665432282
427;RSPO2;0.00021105593775816488
260;ZMYM2;0.00020978005699606945
1535;AC068134.10;0.00020971523900352497
26;TAF1;0.00020963968332991193
879;NKX2-1;0.00020832536880294506
615;DROSHA;0.0002078850286335567
1208;BCL11A;0.00020774965759818824
864;ALK;0.00020399099818050473
1344;THADA;0.0002025650292375649
72;PHOX2B;0.00020240478119701248
605;KLF2;0.0001991230713375269
90;KDM5A;0.00019757602410216417
430;HIST3H3;0.00019748368397966274
1444;ARHGEF12;0.00019378655601751324
953;SPOP;0.0001915428338230486
645;BUB1B;0.00019096180064886878
1315;AKT1;0.00018949981686899132
1572;PDK1;0.00018931075875262688
562;CACNA1E;0.00018912709526711444
1048;JAZF1;0.00018880469585704323
454;GLI2;0.00018868885375804802
1005;TET1;0.00018843006242368478
1251;CHD7;0.0001871389065265707
1614;CHD5;0.00018662892406242935
432;TAL1;0.0001839306502349304
875;Unknown;0.00018188931071709877
175;KBTBD4;0.00018149114192576743
548;GUCY1A2;0.00018078742977990664
1017;FOXO1;0.00017941212294601895
1018;C11orf95;0.00017889327022920396
621;PPP2R1A;0.00017883851838964367
788;FYN;0.00017364864454237557
1020;NUTM1;0.00017340512795824988
399;AR;0.00017212833302255567
585;FAM175A;0.0001720704933775314
525;RARA;0.0001715418916644416
995;SHH;0.00017096801915826562
1536;INPPL1;0.00017046886814576278
1480;FAH;0.0001700049475999653
201;RAF1;0.00016924155191313112
1446;GREM1;0.00016766372104972348
1618;HABP2;0.00016633107440768106
1518;CAMTA1;0.0001649351131620481
1139;ACVR1B;0.0001647738733135256
728;USH2A;0.00016337863604162195
929;POLD1;0.00016298181462895926
608;CSF3R;0.00016293745354344443
843;ATRX;0.00016123278865590767
807;DTX1;0.0001604309815432343
440;MED12;0.00016004578541718018
1153;MSI1;0.00015937538099391048
324;TYK2;0.00015836261974088074
692;PRKCZ;0.00015828741634746002
369;RRM1;0.00015726349066111633
742;KCNK12;0.0001560276460426343
517;TRIM33;0.00015588881668144588
1325;LEF1;0.00015492457896707683
998;SHOC2;0.00015469537396275673
1003;RPS6KB1;0.00015468178542420703
131;SMAD2;0.00015305019814606342
1289;STT3A;0.00015257759495626618
1321;FANCG;0.0001523407752759993
1265;APOB;0.00015092049615312886
564;IKZF1;0.00015048574694192995
366;FANCD2;0.00015043924190766538
1568;RET;0.00014908482900569773
1234;INSR;0.00014863648509996072
773;USP28;0.000148200830018845
603;PIK3R1;0.00014808532352075172
309;BTK;0.00014752960077572225
828;FGFR3;0.00014637271099933937
744;HIST1H3C;0.00014567114877897993
1605;HOXB13;0.00014480365159831905
346;LZTR1;0.00014419469521279504
243;MAGI2;0.00014372422959346264
195;COL7A1;0.00014186066698168877
928;TCF12;0.000141138527743348
1096;EIF4A2;0.0001401222861294891
1064;PAK3;0.00013899223636758672
1022;ANKRD11;0.0001387840315922697
357;PRKAR1A;0.00013842361765645082
1216;IDH2;0.00013838711625984758
768;BIRC6;0.0001373116152962207
618;GAB2;0.00013694115932963948
401;HNF1A;0.00013640622230912718
1382;BRD4;0.00013323077961098506
395;CSMD3;0.0001330955601588603
1185;PHF6;0.00013289560196615472
479;MTAP;0.00013150170669520427
1230;ITGB2;0.00013077570052168647
973;PTPN14;0.00013062232236514006
406;NR4A3;0.00013052561510240427
1209;T;0.00012794293762575566
705;DGKH;0.0001276484756652905
1483;PRDM1;0.00012753329594625195
579;WHSC1L1;0.0001274915182297573
877;STK40;0.0001272096465590472
1611;PIK3R2;0.00012642746106000924
1291;TPR;0.0001250941568587385
85;DST;0.00012389472987595095
343;DYNC1I1;0.0001228243671624525
1510;EED;0.00012223479559127223
488;MLLT3;0.0001220080348517277
702;BCL2L2;0.00012170072659112994
626;NRIP1;0.00012134930309476391
1297;RBM10;0.00012110187979630524
1345;DCC;0.00012087337425333528
529;TRRAP;0.00011974442117008317
657;MAD2L2;0.00011917783537997545
598;KDM6A;0.0001178978600829277
1128;C19orf40;0.00011444490167662318
481;RAB35;0.00011429329140587636
1319;PRDM14;0.00011210264511509045
1458;PPM1D;0.0001120902063797519
619;SYNE1;0.00010861682609790738
578;SMARCD1;0.00010731244520276565
1030;FLT1;0.00010716599536099341
891;EPHA2;0.00010669533338448925
775;CDK5;0.00010638612231139069
1369;STAT5A;0.00010601666155073983
963;DKC1;0.0001050383770694265
132;AXIN2;0.00010478751660606405
778;FGF14;0.00010449467228089626
289;UIMC1;0.00010238683609656502
515;RHOA;0.00010019453826097917
203;ELF3;9.806985910429135e-05
870;HLA-B;9.800165036213009e-05
699;PIK3CB;9.789918043321564e-05
1227;ERRFI1;9.783615398396474e-05
220;MAP3K2;9.76239632364826e-05
1308;TSC1;9.685390006369524e-05
141;MYCL;9.661034020244865e-05
76;MCL1;9.620422494296482e-05
38;HIST1H3B;9.507970614796205e-05
789;SETD1B;9.461808777258465e-05
1146;HEY1;9.452278986422451e-05
275;FGF7;9.403097382861451e-05
3;FANCM;9.223379803772067e-05
926;SHQ1;9.106086749254668e-05
1058;GNAS;9.10398500622083e-05
465;PRKCA;8.8779348402457e-05
409;BCR;8.68345870331784e-05
772;CASP8;8.63625037798571e-05
1190;CRLF2;8.602700734669615e-05
644;ABL2;8.580662734587124e-05
1067;ALB;8.421115383615995e-05
1012;STAT6;8.413236619811182e-05
1329;ERG;8.4025103403591e-05
859;SBDS;8.124168392469264e-05
1182;EPHB1;8.060043567555283e-05
1333;IKBKE;7.986325436740968e-05
470;CYLD;7.88705649292706e-05
139;TCF3;7.779791527263196e-05
1274;C11orf30;7.760525353256616e-05
63;MDC1;7.746441281316596e-05
487;PIK3C3;7.737706443706067e-05
1334;FGF2;7.709054644494848e-05
1625;ABL1;7.636264134977007e-05
447;PHLPP1;7.618716925393946e-05
771;MNX1;7.591275472264996e-05
606;FUBP1;7.578880181054332e-05
1260;TSLP;7.561000557498991e-05
1472;TRAF3;7.495376351429575e-05
1120;BCL11B;7.477567378481181e-05
1558;OTX2;7.422376983294636e-05
1206;NOTCH4;7.329096614715429e-05
1079;IL2RB;7.320582917157643e-05
1001;SUZ12;7.287666994722276e-05
1149;BRCA1;7.268888790488466e-05
505;DNMT3B;7.198323859020931e-05
1596;MST1;7.193677022791989e-05
901;FANCA;6.884227898770492e-05
869;EIF4E;6.74947363252357e-05
682;MAPK3;6.738720226634893e-05
707;INHA;6.717257722072975e-05
656;RTEL1;6.682007049589643e-05
1525;EPHA5;6.612604540422107e-05
207;CBFB;6.525609067924046e-05
81;DIS3L2;6.348463086930251e-05
247;KDM5C;6.30195733873619e-05
483;IL21R;6.292230032775098e-05
1515;SMC3;6.128801757496194e-05
463;HIST1H3J;6.126534976922337e-05
1361;MRE11A;6.043237250674257e-05
229;CSF1R;5.97779641750053e-05
749;ARHGAP35;5.8784391208774595e-05
1431;IFNGR1;5.8741990344433175e-05
367;BCL2L11;5.836086610741255e-05
450;TNFAIP3;5.814823942778865e-05
431;RAD54L;5.8076352169063894e-05
1288;PPARG;5.7687910594044475e-05
643;SMO;5.761027290834062e-05
70;PDE4DIP;5.75869399057176e-05
94;TCEB1;5.6430384498794085e-05
1433;EPCAM;5.638798443521123e-05
1161;TP63;5.557875328674664e-05
302;CHEK2;5.409344126444267e-05
1091;KLF5;5.234478332367731e-05
1160;PIM1;5.233292910468331e-05
737;KEL;5.206979919049482e-05
817;CDK8;5.2069000989742446e-05
595;STAG2;5.157596249035265e-05
1224;FGFR2;5.084455129751353e-05
1571;HLA-A;5.0405888334102915e-05
16;PPP6C;5.017160286757917e-05
1039;BRD3;5.0124044002043955e-05
1105;GNAQ;4.992927604985854e-05
677;PAK7;4.969152650147125e-05
1542;NUF2;4.8756245276721384e-05
1350;AGO2;4.8445891730262014e-05
558;BCL2;4.8140414722873695e-05
765;CSDE1;4.773999894014874e-05
1537;BEND2;4.713369354016668e-05
610;L2HGDH;4.593878795065503e-05
443;INHBA;4.4220242768237486e-05
769;ETV1;4.365366185732681e-05
569;FAS;4.3327868920412436e-05
31;SOCS1;4.2976873681866935e-05
546;BRE;4.257893580769071e-05
1493;DCLRE1C;4.2379846268220494e-05
270;MYH9;4.204678309760419e-05
835;PML;4.1869543900433584e-05
228;YES1;4.1694801906769426e-05
822;ETV6;4.1340105329188196e-05
1452;SDHC;4.1172012062140015e-05
574;TEK;4.071212841538574e-05
96;WISP3;4.021276029659871e-05
1094;PAX8;3.9935860714928024e-05
756;MALT1;3.899071075724872e-05
373;CEBPA;3.825512810756056e-05
334;HIST1H3F;3.5974003899754554e-05
1147;SOX17;3.555875538735055e-05
497;DAXX;3.52335533263812e-05
1474;MEF2BNB-MEF2B;3.507284130546414e-05
623;HIST1H1C;3.4838062064009945e-05
676;C1orf147;3.400423143735912e-05
1339;TBX3;3.3508464626961374e-05
415;PDPK1;3.342010178515522e-05
1107;NEIL3;3.2738805450565555e-05
965;G6PD;3.258277323581067e-05
253;HIST1H2BD;3.1677553741584746e-05
473;MST1R;3.150809671464402e-05
974;ITK;3.147788437244741e-05
892;FOXL2;3.0724017542391875e-05
1277;SS18;2.9556833962840035e-05
304;YAP1;2.947478130955196e-05
1134;FOXP4;2.8074695119032206e-05
1286;TSHR;2.7751904587518883e-05
1228;FRS2;2.6906370722240642e-05
651;KLF4;2.666712838353657e-05
1424;MLLT1;2.592176195892857e-05
20;TFE3;2.515227976610073e-05
831;PARK2;2.4777267881237504e-05
1619;TAP2;2.455302716242432e-05
753;AJUBA;2.4548387573913717e-05
1027;AKT3;2.3671877038580592e-05
482;DNMT1;2.2689766927554618e-05
1349;GATA6;2.2622090876008458e-05
866;RRAGC;2.2246204615353344e-05
1047;SOX9;2.219470944557236e-05
743;ERBB3;2.2152405103341325e-05
246;NKX2-1-AS1;2.1679400487564542e-05
1545;PLCG1;2.038729502002518e-05
1083;GRIN2A;2.0024915486489195e-05
234;FANCF;1.9746168995724533e-05
103;NFE2L2;1.921355087001867e-05
30;E2F3;1.9022371727867524e-05
1593;DIS3;1.7449175391528438e-05
1056;RSPO3;1.7108634042008918e-05
1432;IKZF3;1.6901516206217887e-05
486;PTK2B;1.638131854310498e-05
874;COL2A1;1.6064254348934493e-05
69;SQSTM1;1.604538335776781e-05
197;CDC73;1.5289723014545395e-05
97;RUNX1T1;1.3713328868409898e-05
146;DCUN1D1;1.3139174525457287e-05
746;MYBL1;1.2133429279541734e-05
571;FLCN;1.0760479221785659e-05
1485;STAG1;0.0
1109;TAL2;0.0
1495;TRAJ58;0.0
1143;DDX10;0.0
1108;IGHJ6;0.0
1486;ITGA10;0.0
1490;CDKN2B;0.0
1496;SETD5;0.0
1138;DEK;0.0
1135;MKL1;0.0
1497;SESN1;0.0
1118;CDK4;0.0
1130;TRAJ17;0.0
1119;CRCT1;0.0
1122;TLX1;0.0
1488;YEATS4;0.0
1121;PRCC;0.0
1487;RPA1;0.0
1142;CDT1;0.0
1115;TRAJ41;0.0
1141;ROBO1;0.0
1112;ZMYM3;0.0
1145;CTNNA3;0.0
1113;TLR4;0.0
1019;FOXQ1;0.0
1482;SDHAF2;0.0
1492;TRIP11;0.0
1117;MAP3K14;0.0
1127;MIR3135B;0.0
1123;RPL32P1;0.0
1131;IL15;0.0
1129;ZRSR2;0.0
1133;EGR1;0.0
1126;UMODL1;0.0
1613;SETD7;0.0
1140;AFF3;0.0
1491;TRAJ52;0.0
1144;CD58;0.0
1514;PTTG1;0.0
1106;HSP90AB1;0.0
1549;SRP19;0.0
1046;SETD3;0.0
1624;TBL1XR1;0.0
1548;HIST1H1D;0.0
1049;BIRC5;0.0
1547;MGAT4B;0.0
1546;PTPRC;0.0
1051;TRAJ33;0.0
1052;TRAJ53;0.0
1053;INPP5D;0.0
1054;PRR16;0.0
1541;NCOA1;0.0
1055;PCBP1;0.0
1540;GDNF;0.0
1539;MYB-AS1;0.0
1057;SLC47A2;0.0
1538;IGF2BP3;0.0
1059;PGBD3;0.0
1060;PTPN2;0.0
1061;ZNF750;0.0
1569;RXRA;0.0
1559;PHF8;0.0
1062;CALR;0.0
1063;NCSTN;0.0
1045;PAXIP1-AS2;0.0
1550;KTN1;0.0
1533;HIGD1AP9;0.0
1044;UROD;0.0
1557;CBX3P3;0.0
1556;ATXN2;0.0
1025;MMP2;0.0
1555;RN7SL263P;0.0
1554;AGO1;0.0
1026;IL6R;0.0
1553;MYC;0.0
1566;DIRC2;0.0
1626;C3orf70;0.0
1029;RIT1;0.0
1031;NUMA1;0.0
1032;PPP1R15A;0.0
1033;CRKL;0.0
1552;HAS3;0.0
1034;CYP2D6;0.0
1035;AHNAK;0.0
1037;RPS6KB2;0.0
1038;MTRR;0.0
1040;NR3C1;0.0
1041;SMARCC1;0.0
1551;BCL9;0.0
1042;ETV4;0.0
1043;IGHD6-13;0.0
1534;GH1;0.0
1065;FOXR2;0.0
1498;TRIM28;0.0
1087;CASC5;0.0
1090;DMC1;0.0
1512;PRSS8;0.0
1508;POLH;0.0
1560;TRAF5;0.0
1092;MAP3K6;0.0
1507;PIGA;0.0
1505;IRF1;0.0
1504;BCAS3;0.0
1503;TRIM24;0.0
1502;MECOM;0.0
1617;KB-67B5.12;0.0
1501;HIST1H1A;0.0
1097;MCM3;0.0
1098;BLNK;0.0
1500;NR0B1;0.0
1099;MUTYH;0.0
1616;LTB;0.0
1100;DDB2;0.0
1101;PPARD;0.0
1499;ACVR2A;0.0
1102;HLA-DQA1;0.0
1615;SLC25A13;0.0
1103;NPM3;0.0
1089;LPP;0.0
1086;LMO2;0.0
1622;CCT6B;0.0
1085;ERF;0.0
1531;HSPA2;0.0
1530;TRAJ46;0.0
1066;SMG1;0.0
1529;DDX3X;0.0
1528;SNCAIP;0.0
1527;CYP2C19;0.0
1526;RBL2;0.0
1524;ITGB3;0.0
1070;PRKCE;0.0
1071;RFC2;0.0
1072;TIGIT;0.0
1522;NT5E;0.0
1073;SYT1;0.0
1074;FGF8;0.0
1521;AIFM3;0.0
1520;HDAC7;0.0
1519;FRK;0.0
1077;TLL2;0.0
1078;NADK;0.0
1517;SLC9A3R1;0.0
1570;LRIG3;0.0
1021;RP11-149I2.5;0.0
1084;LAMB3;0.0
1381;IGHJ4;0.0
1196;RFC3;0.0
1481;DDX31;0.0
1417;RALGDS;0.0
1304;AFF2;0.0
1305;WRAP53;0.0
1306;GNAI3;0.0
1422;C3orf72;0.0
1421;ARID3B;0.0
1309;COPB1;0.0
1310;SIK2;0.0
1311;TEX12;0.0
1312;FKBP9;0.0
1420;TAF4B;0.0
1419;MT-TS2;0.0
1418;NFKB2;0.0
1316;JUN;0.0
1331;TXLNG2P;0.0
1317;GLMN;0.0
1416;TGFB1;0.0
1318;TOE1;0.0
1415;CCND3;0.0
1320;SAMHD1;0.0
1322;ACVR1;0.0
1323;TRAJ16;0.0
1414;WNK1;0.0
1326;LRRK2;0.0
1327;IL2RA;0.0
1328;LTK;0.0
1413;FIP1L1;0.0
1303;GRM3;0.0
1302;TUSC3;0.0
1301;RP1-1J6.2;0.0
1300;MSI2;0.0
1434;HIF1A-AS2;0.0
1270;TRAJ9;0.0
1271;TRGJP2;0.0
1275;POLR2A;0.0
1592;CASR;0.0
1564;HIST1H1B;0.0
1278;HDAC4;0.0
1591;SETD1A;0.0
1279;GSTP1;0.0
1430;TRGJ2;0.0
1281;CUL4A;0.0
1590;EBF1;0.0
1426;TMEM127;0.0
1425;NEXN;0.0
1284;HLA-DQB2;0.0
1423;MAGI1;0.0
1287;HIST1H1E;0.0
1290;DNAH5;0.0
1292;NFKB1;0.0
1293;LAMB4;0.0
1294;FGF10;0.0
1295;MGEA5;0.0
1296;CD74;0.0
1298;TLX3;0.0
1299;IFNGR2;0.0
1412;ETV3;0.0
1411;ELP2;0.0
1610;CUL1;0.0
1370;MBL2;0.0
1357;CD40;0.0
1394;RPS6KA2;0.0
1358;SGCD;0.0
1359;RPL10;0.0
1360;BCL3;0.0
1393;TRAJ7;0.0
1362;EDNRB;0.0
1363;TRAJ39;0.0
1364;DUSP2;0.0
1366;TBC1D12;0.0
1367;ATP7B;0.0
1368;CADM2;0.0
1371;NDFIP1;0.0
1588;EGFR-AS1;0.0
1372;SDCCAG8;0.0
1391;CEP57;0.0
1584;USP6;0.0
1389;FURIN;0.0
1388;ZBTB7A;0.0
1386;HLA-DRA;0.0
1377;UBR5;0.0
1385;ASXL2;0.0
1379;CAD;0.0
1380;HMGA2;0.0
1384;FGF23;0.0
1383;EPOR;0.0
1395;CXCR4;0.0
1582;HLA-DOB;0.0
1397;MARK4;0.0
1356;CACNA1D;0.0
1335;TRBJ2-2P;0.0
1336;IRF2;0.0
1410;FOXF1;0.0
1337;RPA2;0.0
1409;HSPA5;0.0
1408;PCNA;0.0
1340;HLA-E;0.0
1341;SEPT9;0.0
1407;IGHJ5;0.0
1343;CD79B;0.0
1581;SBNO1;0.0
1403;HLA-DRB6;0.0
1402;PTPN1;0.0
1400;BIRC3;0.0
1346;RTEL1-TNFRSF6B;0.0
1347;AIP;0.0
1348;MUS81;0.0
1586;FLI1;0.0
1399;MT-TL2;0.0
1351;AKAP9;0.0
1585;IGF2;0.0
1398;AGMO;0.0
1353;HLF;0.0
1354;ICK;0.0
1355;PARP2;0.0
1435;TARBP2;0.0
1267;ACVRL1;0.0
1266;XBP1;0.0
1198;ZNF331;0.0
1181;HIST1H2AL;0.0
1183;SOD2;0.0
1184;FANCL;0.0
1186;MBD1;0.0
1187;RAD51;0.0
1188;HOXD11;0.0
1189;SFPQ;0.0
1191;RP11-288G3.4;0.0
1192;KNSTRN;0.0
1603;RPEP4;0.0
1195;TRGJP;0.0
1197;DPYD;0.0
1199;POU3F2;0.0
1264;SRY;0.0
1200;KLF6;0.0
1201;PAX8-AS1;0.0
1470;ITPKB;0.0
1203;DUSP22;0.0
1469;CREB3L2;0.0
1205;OGG1;0.0
1207;MGMT;0.0
1210;IFNAR1;0.0
1211;TINF2;0.0
1212;MAP3K4;0.0
1468;TNFRSF9;0.0
1214;COL22A1;0.0
1180;SPACA1;0.0
1179;UTRN;0.0
1177;MTCP1;0.0
1175;TNFRSF11A;0.0
1150;PNKP;0.0
1151;MLF1;0.0
1152;IGLJ7;0.0
1477;PALLD;0.0
1476;JARID2;0.0
1608;LENG1;0.0
1157;TRAJ49;0.0
1158;MAPK8;0.0
1159;NKX3-1;0.0
1162;CUL4B;0.0
1607;MKNK1;0.0
1163;XRCC5;0.0
1475;CTD-2267D19.2;0.0
1606;NTHL1;0.0
1164;PICALM;0.0
1573;TRAJ54;0.0
1166;FOXO3;0.0
1167;FBXO31;0.0
1168;HLA-DMA;0.0
1473;FBXW4P1;0.0
1169;NFKBIZ;0.0
1170;AGTR2;0.0
1171;TADA3;0.0
1173;TRAJ38;0.0
1174;TRAJ59;0.0
1575;HSP90AA1;0.0
1602;TRAC;0.0
1467;ESR2;0.0
1448;NFE2;0.0
1447;NCOA2;0.0
1246;RPL26;0.0
1578;HCG4P8;0.0
1443;IL10RA;0.0
1442;TNFRSF17;0.0
1441;TET3;0.0
1579;ZNF471;0.0
1440;SH2B2;0.0
1595;SYNE2;0.0
1594;SMAD3;0.0
1250;GOPC;0.0
1439;UMPS;0.0
1438;CDH11;0.0
1437;TRAJ23;0.0
1252;PHGDH;0.0
1253;PDGFB;0.0
1254;HLA-DRB5;0.0
1255;CKS1B;0.0
1256;ING4;0.0
1257;C8orf34;0.0
1258;TRAJ47;0.0
1436;NRG3;0.0
1261;HIST1H3G;0.0
1262;RP11-322N21.2;0.0
1263;RPL21P4;0.0
1597;ZNF708;0.0
1450;SH2D1A;0.0
1465;MCM5;0.0
1243;POLB;0.0
1218;HLA-DPB1;0.0
1601;IFNL3;0.0
1576;PPARA;0.0
1219;ZBTB2;0.0
1462;NUDT15;0.0
1460;LDLR;0.0
1222;RP11-380G5.3;0.0
1459;TRIM37;0.0
1457;ACTA2;0.0
1600;WTAP;0.0
1225;CD28;0.0
1226;CHD1;0.0
1229;EWSR1;0.0
1599;EPHB6;0.0
1232;KIAA1549;0.0
1233;NFKBIE;0.0
1456;CBFA2T3;0.0
1235;GPR124;0.0
1236;CTR9;0.0
1237;DTWD2;0.0
1598;PTP4A1;0.0
1453;RPN1;0.0
1240;SERPINB3;0.0
1241;PCDHAC1;0.0
1242;CDCA5;0.0
1565;LPHN3;0.0
0;BABAM1;0.0
1016;CACNA2D3;0.0
316;PSIP1;0.0
323;CD276;0.0
322;RBM15;0.0
321;GRID1;0.0
320;CFL1;0.0
319;PER1;0.0
318;UGT1A9;0.0
317;TAF15;0.0
312;CMPK1;0.0
494;IL10;0.0
311;BTG2;0.0
310;FCGR2A;0.0
307;RP11-326G21.1;0.0
306;MAGEA8;0.0
305;PTPN13;0.0
303;SF3A1;0.0
301;HLA-DQA2;0.0
325;TMEM216;0.0
326;LIG4;0.0
327;C21orf128;0.0
328;HIST1H3D;0.0
353;RNA5SP74;0.0
352;ARHGAP26;0.0
351;CHIC2;0.0
350;HIST1H3H;0.0
348;RELN;0.0
347;PCDHAC2;0.0
345;IGLJ5;0.0
342;CREB1;0.0
341;TERC;0.0
340;NDE1;0.0
339;FAN1;0.0
336;CD79A;0.0
335;TRAJ13;0.0
331;TDG;0.0
329;MAF;0.0
299;TIMP3;0.0
298;CDK2;0.0
297;TNFRSF14;0.0
267;CRTC1;0.0
265;LDLRAP1;0.0
264;CTC1;0.0
263;HOXA11;0.0
262;AIMP2;0.0
261;RNU1-61P;0.0
259;BIRC2;0.0
258;SUV39H2;0.0
257;MIB1;0.0
254;HNRNPK;0.0
251;DDX41;0.0
248;VAV2;0.0
245;CLPTM1L;0.0
244;CCDC157;0.0
238;ARID4B;0.0
237;KCNJ5;0.0
266;ICOSLG;0.0
268;PAX3;0.0
296;SDHA;0.0
271;MERTK;0.0
294;SLX1B;0.0
293;MDC1-AS1;0.0
291;IL3;0.0
288;SPRY1;0.0
285;IL2;0.0
283;PGAP3;0.0
282;HIST1H3I;0.0
281;MCM4;0.0
280;DYNC2H1;0.0
279;ARFRP1;0.0
278;WAS;0.0
277;TBX22;0.0
276;FGF1;0.0
273;KDM3A;0.0
272;ZFP36L1;0.0
354;GABRA6;0.0
355;ASMTL;0.0
356;TFRC;0.0
458;SAMD9;0.0
453;TRAJ28;0.0
452;BRSK1;0.0
451;SETD4;0.0
449;HIF1A;0.0
448;MLLT4;0.0
444;LINC00894;0.0
442;LIFR;0.0
441;GID4;0.0
437;ADGRA2;0.0
435;HLA-DPA1;0.0
434;HLA-DRB1;0.0
433;RRAS2;0.0
428;PRKAG2;0.0
425;HMBS;0.0
424;FSBP;0.0
456;HLA-F;0.0
459;TANC1;0.0
422;GATA1;0.0
460;FAF1;0.0
492;LRP6;0.0
491;CAMK1;0.0
490;TRIP13;0.0
485;FANCB;0.0
484;RIPK3;0.0
480;GTSE1;0.0
478;TNF;0.0
477;MAGEA1;0.0
476;USP9X;0.0
474;CYP1B1;0.0
472;RASGEF1A;0.0
469;YY1AP1;0.0
466;TRAJ32;0.0
464;TRAJ26;0.0
461;IDO1;0.0
423;CTRC;0.0
420;SLC7A8;0.0
358;KDM4C;0.0
387;SPI1;0.0
384;IGHD5-12;0.0
380;MCM6;0.0
379;RINT1;0.0
378;TMEM50B;0.0
376;CTTNBP2;0.0
374;SMARCC2;0.0
372;STAT3;0.0
371;PRPF40B;0.0
370;TRAJ5;0.0
365;LMNA;0.0
364;MYO18A;0.0
363;PKD1L2;0.0
362;REST;0.0
361;DMD;0.0
359;ERCC1;0.0
385;MAP3K7;0.0
392;IFIT1P1;0.0
419;CDC45;0.0
393;HCG4P5;0.0
418;OR6A2;0.0
417;TRBJ2-3;0.0
416;USP7;0.0
414;HSD11B2;0.0
412;SOS2;0.0
411;DNAH2;0.0
410;STAG3;0.0
408;DUSP4;0.0
407;SLFN11;0.0
403;MAML3;0.0
400;PSMD13;0.0
398;CFTR;0.0
397;CD22;0.0
396;TIPARP;0.0
394;TG;0.0
232;INSRR;0.0
231;HAVCR2;0.0
230;CDC42;0.0
92;WEE1;0.0
89;MUC1;0.0
88;RAC2;0.0
86;TAF1L;0.0
83;PRPS2;0.0
82;ERCC6;0.0
80;C7orf55-LUC7L2;0.0
78;MTHFR;0.0
75;DDR1;0.0
74;SEMA3C;0.0
73;SNORD95;0.0
71;KRIT1;0.0
68;FZR1;0.0
66;ETS2;0.0
65;CSNK1A1;0.0
64;IGLJ3;0.0
91;IGF1;0.0
98;PBX1;0.0
59;C1orf86;0.0
99;NEK1;0.0
118;IGHD2-8;0.0
117;GNB1;0.0
115;HIST1H2AM;0.0
114;HLA-DOA;0.0
113;NIPBL;0.0
112;NTRK3-AS1;0.0
111;DNM2;0.0
110;C10orf54;0.0
109;TSHZ2;0.0
107;TRAJ29;0.0
106;ENG;0.0
105;SH2D2A;0.0
104;SMUG1;0.0
102;GFI1B;0.0
101;SIK1;0.0
60;GFI1;0.0
57;CENPA;0.0
121;PTPN6;0.0
29;TYMS;0.0
27;ABCB4;0.0
24;ARNT;0.0
23;RAD54B;0.0
22;SRSF2;0.0
21;STK36;0.0
19;CD3EAP;0.0
15;DCAF4L2;0.0
14;PDCD11;0.0
13;APEH;0.0
11;ZSWIM4;0.0
10;ATXN7;0.0
8;SLITRK6;0.0
6;PLAG1;0.0
4;PHF1;0.0
2;CDK1;0.0
28;CTDNEP1;0.0
32;UGT1A1;0.0
56;GMNN;0.0
33;ARHGEF28;0.0
54;LAMA2;0.0
52;P2RY8;0.0
51;MARK1;0.0
50;IKBKB;0.0
49;SEC23B;0.0
48;ETNK1;0.0
46;HSD3B1;0.0
45;NIN;0.0
42;ATP6V1B2;0.0
41;LARP4B;0.0
40;HIST1H2BK;0.0
39;PLEKHG5;0.0
37;TAPSAR1;0.0
35;NDUFB11;0.0
34;XRCC2;0.0
120;SCG5;0.0
125;CYP17A1;0.0
227;CD70;0.0
199;HIST1H2BB;0.0
196;BRINP3;0.0
193;C9orf129;0.0
192;MKI67;0.0
191;CDC7;0.0
190;TGFBR1;0.0
189;VEGFB;0.0
187;ZBTB20;0.0
186;HLA-DQB1-AS1;0.0
185;BACH2;0.0
183;STMN2;0.0
182;POT1;0.0
180;EXOSC6;0.0
179;XRCC3;0.0
178;TPM4;0.0
177;GLDC;0.0
198;CLTCL1;0.0
200;PTPRM;0.0
174;ABI1;0.0
204;EGF;0.0
225;RNF2;0.0
223;PDS5B;0.0
221;RP11-811P12.3;0.0
219;SESN3;0.0
218;MTHFD2;0.0
217;TRAJ50;0.0
216;KDM2B;0.0
215;PRKG1;0.0
214;AP003419.16;0.0
213;TYRO3;0.0
212;STK19;0.0
211;HOXC13;0.0
209;MTR;0.0
206;SPRY2;0.0
205;PTPRR;0.0
176;ITGA9;0.0
173;LRRC14;0.0
126;H19;0.0
150;HIST1H2BO;0.0
147;TRAJ57;0.0
145;XRCC6;0.0
144;CYP19A1;0.0
143;CPS1;0.0
142;APOBEC3G;0.0
140;DNAH11;0.0
138;RNF139;0.0
137;ABCB11;0.0
135;USP8;0.0
134;TPM1;0.0
133;RP11-211G3.2;0.0
130;ABCC3;0.0
129;EXT1;0.0
128;PASK;0.0
127;MAML2;0.0
149;GPR32;0.0
152;KCNQ1;0.0
171;SGK1;0.0
153;INSIG1;0.0
170;CD36;0.0
169;PRDM16;0.0
168;IGHJ2;0.0
167;FOSB;0.0
165;CLDN18;0.0
164;RAD52;0.0
163;SPRTN;0.0
162;XIAP;0.0
160;TPMT;0.0
159;PRKACG;0.0
158;PRKCQ;0.0
157;GRM8;0.0
156;MIR3960;0.0
155;PCM1;0.0
154;IGHD3-10;0.0
493;BTLA;0.0
495;NCKAP5;0.0
1015;TRAJ18;0.0
816;ALS2CR12;0.0
827;TRAJ22;0.0
825;EPHA6;0.0
824;IGLJ6;0.0
823;PRKACA;0.0
821;CERKL;0.0
819;SSX2;0.0
818;TRAJ8;0.0
815;IPMK;0.0
496;TLR2;0.0
813;NOD1;0.0
812;GAB1;0.0
811;FNTB;0.0
810;FOXO4;0.0
809;THSD7A;0.0
808;MCM7;0.0
804;RNU5E-6P;0.0
829;PPM1E;0.0
830;TRBJ2-2;0.0
832;CRBN;0.0
833;MGAM;0.0
862;PTPN22;0.0
861;PAXIP1;0.0
857;RPS6KA4;0.0
855;VAV1;0.0
854;ARID3A;0.0
852;LMO3;0.0
850;ARFGAP3;0.0
848;RPS15;0.0
847;PIAS4;0.0
844;RYR2;0.0
841;MAP3K8;0.0
839;CRTC2;0.0
837;FAM20A;0.0
836;AURKC;0.0
834;COL6A3;0.0
803;MOB3B;0.0
802;MCM2;0.0
800;HOXA3;0.0
767;NAB2;0.0
762;ETAA1;0.0
761;NDUFB2;0.0
760;MC1R;0.0
759;ID3;0.0
758;HLA-DPB2;0.0
757;CDKN1C;0.0
755;ACTG1;0.0
754;PHLPP2;0.0
751;IFIT1;0.0
747;FGF6;0.0
741;LRP1;0.0
740;MLLT10;0.0
739;MYOD1;0.0
736;MS4A1;0.0
733;UBE2T;0.0
764;DUSP6;0.0
770;ABCB1;0.0
799;MBD4;0.0
776;SOX11;0.0
798;RSF1;0.0
797;XRCC4;0.0
796;KSR2;0.0
795;AHNAK2;0.0
793;CHRNA10;0.0
792;L1CAM;0.0
791;PIK3R3;0.0
790;RNU6-233P;0.0
787;FGF9;0.0
786;OLIG2;0.0
785;HIST1H4E;0.0
784;CRTC3;0.0
783;SNX31;0.0
780;PLCB4;0.0
779;HCAR1;0.0
863;FGA;0.0
867;TGM7;0.0
868;TRBJ2-6;0.0
983;XRCC1;0.0
981;RYBP;0.0
980;RNA5SP218;0.0
978;MEF2C;0.0
977;SP140;0.0
976;FAM20C;0.0
971;MDM2;0.0
970;HIST1H2BG;0.0
969;CDH20;0.0
967;CYP3A5;0.0
966;CBLC;0.0
960;NCOA4;0.0
957;PRKN;0.0
955;MAP3K10;0.0
954;SIAH1;0.0
952;TMED1;0.0
982;ING1;0.0
984;FHIT;0.0
947;POU2F2;0.0
985;LIPI;0.0
1010;HIST1H2BJ;0.0
1009;THBS1;0.0
1008;HOOK3;0.0
1007;HDAC2;0.0
1006;H3F3B;0.0
1002;RNASEL;0.0
999;DNAH9;0.0
996;NPNT;0.0
994;UBA2;0.0
993;ATP1A1;0.0
992;TRAJ10;0.0
991;WDR20;0.0
990;FDPS;0.0
987;IFIT2;0.0
986;C11orf65;0.0
948;POLG;0.0
944;RASGEF1B;0.0
871;PPP2R2A;0.0
906;HDAC1;0.0
904;RECQL;0.0
902;AC004041.2;0.0
899;ASH2L;0.0
897;TRAJ25;0.0
895;MUC16;0.0
894;IRF8;0.0
893;CLK3;0.0
890;LMO1;0.0
889;GPC3;0.0
888;RASA2;0.0
887;TRAF2;0.0
886;TPM3;0.0
884;ETS1;0.0
878;ARID3C;0.0
876;RBBP8;0.0
905;RPL5;0.0
908;SMARCA1;0.0
943;EGLN1;0.0
909;SS18L1;0.0
941;OMD;0.0
940;RP11-435O5.4;0.0
937;SHANK2;0.0
934;CDC6;0.0
933;IGHD3-9;0.0
930;MAG;0.0
927;HSPH1;0.0
922;UGT1A6;0.0
921;ARID4A;0.0
919;HLA-F-AS1;0.0
918;ZNF384;0.0
914;DDIT3;0.0
913;SPECC1;0.0
912;PDPK2;0.0
910;RP11-366L20.2;0.0
732;STAT5B;0.0
731;EP400;0.0
730;MPEG1;0.0
581;BRCC3;0.0
577;SSX4;0.0
575;PARP3;0.0
573;PMAIP1;0.0
572;MAP2K2;0.0
568;DNASE1L1;0.0
567;HIST1H2AC;0.0
566;TADA1;0.0
565;GNA12;0.0
563;NCOR2;0.0
561;LCK;0.0
559;TRAJ6;0.0
557;MIR5196;0.0
555;IKZF2;0.0
554;FGF12;0.0
552;SETD8;0.0
580;IGHD5-5;0.0
582;TNK2;0.0
550;EXO1;0.0
583;PC;0.0
607;SPINK1;0.0
604;LGR5;0.0
601;TRAJ42;0.0
600;PINLYP;0.0
599;TMEM30A;0.0
597;PPP2CB;0.0
596;B2M;0.0
594;PTCH2;0.0
593;POLD2;0.0
592;ATF1;0.0
591;FRMD3;0.0
588;SERPINB4;0.0
587;NPRL3;0.0
586;ASNS;0.0
584;BAI3;0.0
551;FCGR3A;0.0
549;TCL1A;0.0
614;OGT;0.0
527;EZR;0.0
522;RPL21P122;0.0
521;CDH2;0.0
519;JAZF1-AS1;0.0
518;HTRA1;0.0
516;SAMD9L;0.0
514;UPF1;0.0
513;IRF4;0.0
512;POU5F1;0.0
510;BTG1;0.0
508;CBR3;0.0
507;ANKRD24;0.0
504;MAGED1;0.0
503;RPGR;0.0
501;GNA13;0.0
500;ZNF620;0.0
526;BCLAF1;0.0
528;RANP1;0.0
547;HIST2H3D;0.0
530;S1PR2;0.0
545;TMEM173;0.0
544;NR2F1;0.0
543;LRRFIP2;0.0
542;WDR90;0.0
541;COL12A1;0.0
540;PPBP;0.0
539;CHURC1;0.0
538;PRKCH;0.0
537;FMNL3;0.0
536;BCL7A;0.0
535;RHOH;0.0
534;HFE;0.0
533;NQO1;0.0
532;NOP10;0.0
531;MN1;0.0
612;LY9;0.0
617;CHD4;0.0
729;H3F3A;0.0
710;ESCO2;0.0
708;SPRY4;0.0
706;CLTC;0.0
704;MYO3A;0.0
703;HIST1H2BC;0.0
701;FBXO11;0.0
700;HSD3B2;0.0
698;TOPBP1;0.0
697;KIF5B;0.0
695;STAB2;0.0
694;DHX15;0.0
693;CCDC6;0.0
691;VEGFA;0.0
690;HELQ;0.0
689;NHP2;0.0
688;SMARCE1;0.0
709;AFF1;0.0
711;TAZ;0.0
686;JMJD1C;0.0
712;KDM5D;0.0
727;CLRN2;0.0
726;EME1;0.0
725;FGF19;0.0
724;SOCS3;0.0
723;C9orf66;0.0
722;FLYWCH1;0.0
721;SSX1;0.0
720;ATIC;0.0
719;RUSC1-AS1;0.0
718;TNKS2;0.0
717;SETD6;0.0
716;RPL22;0.0
715;HLA-G;0.0
714;GLI3;0.0
713;CDH23;0.0
687;CD19;0.0
685;PTGS2;0.0
625;KLLN;0.0
653;BOD1L1;0.0
650;TFEC;0.0
648;LTF;0.0
647;HNF1B;0.0
646;LARGE;0.0
641;MAGOH;0.0
640;SMYD3;0.0
639;ATP6AP1;0.0
638;ECT2L;0.0
637;HLA-DMB;0.0
635;ARID5A;0.0
634;IGHJ3;0.0
633;KLRG1;0.0
632;IFNAR2;0.0
631;NPRL2;0.0
628;SLC45A3;0.0
652;SLC26A3;0.0
654;BCL2A1;0.0
684;ADAMTS20;0.0
655;YWHAE;0.0
683;EPHB2;0.0
681;RP11-244F12.3;0.0
680;KLHL6;0.0
679;IL6ST;0.0
675;SLX1A;0.0
674;RP11-461L13.2;0.0
672;PCLO;0.0
668;CDH5;0.0
667;FOS;0.0
666;MYO1A;0.0
665;PKHD1;0.0
664;SIN3A;0.0
662;NEIL1;0.0
659;LAG3;0.0
658;RAD51B;0.0
814;IFIT3;0.0
